荒城の月,koujounotuki_a1.jpg,#,koujounotuki_b1.mp3
荒城の月,koujounotuki_a2.jpg,#,koujounotuki_b2.mp3
荒城の月,koujounotuki_a3.jpg,#,#
早春賦,sousyunhu_a1.jpg,#,sousyunhu_b1.mp3
早春賦,sousyunhu_a2.jpg,#,sousyunhu_b2.mp3
夏の思い出,natunoomoide_a1.jpg,#,natunoomoide_b1.mp3
あかとんぼ,akatonbo_a1.jpg,#,akatonbo_b1.mp3
花の街,hananomachi_a1.jpg,#,hananomachi_b1.mp3
花の街,hananomachi_a2.jpg,#,#
花,hana_a1.jpg,#,hana_b1.mp3
花,hana_a2.jpg,#,hana_b2.mp3
浜辺の歌,hamabenouta_a1.jpg,#,hamabenouta_b1.mp3
フーガ,fuga_a1.jpg,#,fuga_b1.mp3
フーガ,fuga_a2.jpg,#,fuga_b2.mp3
ブルタバ,burutaba_a1.jpg,#,burutaba_b1.mp3
ブルタバ,burutaba_a2.jpg,#,#
ブルタバ,burutaba_a3.jpg,#,#
ブルタバ,burutaba_a4.jpg,#,#
ブルタバ,burutaba_a5.jpg,#,#
ブルタバ,burutaba_a6.jpg,#,#
ブルタバ,burutaba_a7.jpg,#,#
ブルタバ,burutaba_a8.jpg,#,#
ブルタバ,burutaba_a9.jpg,#,#
帰れソレントへ,kaeresorento_a1.jpg,#,kaeresorento_b1.mp3
帰れソレントへ,kaeresorento_a2.jpg,#,kaeresorento_b2.mp3
エーデルワイス,ederuwaisu_a1.jpg,#,ederuwaisu_b1.mp3
ヴィヴァルディ　春,vivarudhi haru_a1.jpg,#,vivarudhi haru_b1.mp3
ヴィヴァルディ　春,vivarudhi haru_a2.jpg,#,vivarudhi haru_b2.mp3
ヴィヴァルディ　春,vivarudhi haru_a3.jpg,#,#
ヴィヴァルディ　春,vivarudhi haru_a4.jpg,#,#
ヴィヴァルディ　春,vivarudhi haru_a5.jpg,#,#
ヴィヴァルディ　春,vivarudhi haru_a6.jpg,#,#
ヴィヴァルディ　春,vivarudhi haru_a7.jpg,#,#
交響曲第５番 ハ短調,Beethoven_a1.jpg,#,#
交響曲第５番 ハ短調,Beethoven_a2.jpg,#,#
交響曲第５番 ハ短調,Beethoven_a3.jpg,#,#
交響曲第５番 ハ短調,Beethoven_a4.jpg,#,#
魔王,maou_a01.jpg,#,maou_b01.mp3
魔王,maou_a02.jpg,#,maou_b02.mp3
魔王,maou_a03.jpg,#,#
魔王,maou_a04.jpg,#,#
魔王,maou_a05.jpg,#,#
魔王,maou_a06.jpg,#,#
魔王,maou_a07.jpg,#,#
魔王,maou_a08.jpg,#,#
魔王,maou_a09.jpg,#,#
魔王,maou_a10.jpg,#,#
魔王,maou_a11.jpg,#,#
魔王,maou_a12.jpg,#,#
魔王,maou_a13.jpg,#,#
魔王,maou_a14.jpg,#,#
魔王,maou_a15.jpg,#,#
アイーダ,aida_a1.jpg,#,aida_b1.mp3
アイーダ,aida_a2.jpg,#,aida_b2.mp3
アイーダ,aida_a3.jpg,#,aida_b3.mp3
音楽記号,ongakukigou_a1.jpg,#,#
音楽記号,ongakukigou_a2.jpg,#,#
拍子,hyousi_a1.jpg,#,#
拍子,hyousi_a2.jpg,#,#
拍子,hyousi_a3.jpg,#,#
拍子,hyousi_a4.jpg,#,#
